{
"lengthUnit": "mil",
"components": {
	"fields": ["COMPONENT_NO", "COMPONENT_NAME", "LAYER", "X_COORDINATE", "Y_COORDINATE", "ANGLE"],
	"rows": [
		[1, "C1", "T", 1195, -340, 270],
		[2, "C2", "T", 1045, -285.08, 270],
		[3, "C3", "T", 2055, -340, 270],
		[4, "C10", "T", 1915, -285.08, 270],
		[5, "C11", "T", 1060, -860, 0],
		[6, "LED1", "B", 895, -715, 180],
		[7, "LED2", "B", 1870, -715, 180],
		[8, "R1", "T", 553.23, -1320.71, 90],
		[9, "R2", "T", 553.23, -1158.03, 90],
		[10, "R3", "T", 553.23, -995.36, 90],
		[11, "R4", "T", 553.23, -832.69, 90],
		[12, "R5", "T", 553.23, -670.02, 90],
		[13, "R6", "T", 553.23, -507.35, 90],
		[14, "R7", "T", 553.23, -344.67, 90],
		[15, "R8", "T", 553.23, -182, 90],
		[16, "R9", "T", 2233.29, -1315, 90],
		[17, "R10", "T", 2233.29, -1150, 90],
		[18, "R11", "T", 2233.29, -986.9, 90],
		[19, "R12", "T", 2233.29, -824.23, 90],
		[20, "R13", "T", 2233.29, -661.56, 90],
		[21, "R14", "T", 2233.29, -498.89, 90],
		[22, "R15", "T", 2233.29, -336.21, 90],
		[23, "R16", "T", 2235, -175, 90],
		[24, "U1", "T", 930, -575, 270],
		[25, "U2", "T", 1805, -570, 270],
		[26, "UEXT1", "T", 1385, -1745, 0],
		[27, "X3", "T", 1385, -1040, 180]
	]
},
"pins": {
	"fields": ["PIN_NO", "PIN_NAME", "PIN_X", "PIN_Y", "LAYER", "PIN_TYPE", "NET_NAME", "NET_TYPE", "PAD_SHAPE", "PAD_SIZEX", "PAD_SIZEY", "HOLE_SIZE", "PAD_ANGLE"],
	"rows": [
		[1, "C1_1", 1195, -277.3, "T", "SMD", "VCC", "", "R", 58.47, 68.03, 0, 270],
		[2, "C1_2", 1195, -402.7, "T", "SMD", "GND", "GND", "R", 58.47, 68.03, 0, 270],
		[3, "C2_1", 1045, -263.62, "T", "SMD", "VCC", "", "R", 31.11, 21.26, 0, 270],
		[4, "C2_2", 1045, -306.54, "T", "SMD", "GND", "GND", "R", 31.11, 21.26, 0, 270],
		[5, "C3_1", 2055, -277.3, "T", "SMD", "VCC", "", "R", 58.47, 68.03, 0, 270],
		[6, "C3_2", 2055, -402.7, "T", "SMD", "GND", "GND", "R", 58.47, 68.03, 0, 270],
		[7, "C10_1", 1915, -263.62, "T", "SMD", "VCC", "", "R", 31.11, 21.26, 0, 270],
		[8, "C10_2", 1915, -306.54, "T", "SMD", "GND", "GND", "R", 31.11, 21.26, 0, 270],
		[9, "C11_1", 1038.54, -860, "T", "SMD", "GND", "GND", "R", 31.11, 21.26, 0, 0],
		[10, "C11_2", 1081.46, -860, "T", "SMD", "VCC", "", "R", 31.11, 21.26, 0, 0],
		[11, "LED1_1", 1095, -1315, "T", "DIP", "$1N26736", "", "C", 60, 60, 36, 180],
		[12, "LED1_1", 1095, -1315, "B", "DIP", "$1N26736", "", "C", 60, 60, 36, 180],
		[13, "LED1_2", 995, -1315, "T", "DIP", "$1N26729", "", "C", 60, 60, 36, 180],
		[14, "LED1_2", 995, -1315, "B", "DIP", "$1N26729", "", "C", 60, 60, 36, 180],
		[15, "LED1_3", 895, -1315, "T", "DIP", "VCC", "", "C", 60, 60, 36, 180],
		[16, "LED1_3", 895, -1315, "B", "DIP", "VCC", "", "C", 60, 60, 36, 180],
		[17, "LED1_4", 795, -1315, "T", "DIP", "$1N27647", "", "C", 60, 60, 36, 180],
		[18, "LED1_4", 795, -1315, "B", "DIP", "$1N27647", "", "C", 60, 60, 36, 180],
		[19, "LED1_5", 695, -1315, "T", "DIP", "$1N27662", "", "C", 60, 60, 36, 180],
		[20, "LED1_5", 695, -1315, "B", "DIP", "$1N27662", "", "C", 60, 60, 36, 180],
		[21, "LED1_6", 695, -115, "T", "DIP", "$1N26641", "", "C", 60, 60, 36, 180],
		[22, "LED1_6", 695, -115, "B", "DIP", "$1N26641", "", "C", 60, 60, 36, 180],
		[23, "LED1_7", 795, -115, "T", "DIP", "$1N26647", "", "C", 60, 60, 36, 180],
		[24, "LED1_7", 795, -115, "B", "DIP", "$1N26647", "", "C", 60, 60, 36, 180],
		[25, "LED1_8", 895, -115, "T", "DIP", "VCC", "", "C", 60, 60, 36, 180],
		[26, "LED1_8", 895, -115, "B", "DIP", "VCC", "", "C", 60, 60, 36, 180],
		[27, "LED1_9", 995, -115, "T", "DIP", "$1N26743", "", "C", 60, 60, 36, 180],
		[28, "LED1_9", 995, -115, "B", "DIP", "$1N26743", "", "C", 60, 60, 36, 180],
		[29, "LED1_10", 1095, -115, "T", "DIP", "$1N26751", "", "C", 60, 60, 36, 180],
		[30, "LED1_10", 1095, -115, "B", "DIP", "$1N26751", "", "C", 60, 60, 36, 180],
		[31, "LED2_1", 2070, -1315, "T", "DIP", "$1N26881", "", "C", 60, 60, 36, 180],
		[32, "LED2_1", 2070, -1315, "B", "DIP", "$1N26881", "", "C", 60, 60, 36, 180],
		[33, "LED2_2", 1970, -1315, "T", "DIP", "$1N26877", "", "C", 60, 60, 36, 180],
		[34, "LED2_2", 1970, -1315, "B", "DIP", "$1N26877", "", "C", 60, 60, 36, 180],
		[35, "LED2_3", 1870, -1315, "T", "DIP", "VCC", "", "C", 60, 60, 36, 180],
		[36, "LED2_3", 1870, -1315, "B", "DIP", "VCC", "", "C", 60, 60, 36, 180],
		[37, "LED2_4", 1770, -1315, "T", "DIP", "$1N27688", "", "C", 60, 60, 36, 180],
		[38, "LED2_4", 1770, -1315, "B", "DIP", "$1N27688", "", "C", 60, 60, 36, 180],
		[39, "LED2_5", 1670, -1315, "T", "DIP", "$1N27703", "", "C", 60, 60, 36, 180],
		[40, "LED2_5", 1670, -1315, "B", "DIP", "$1N27703", "", "C", 60, 60, 36, 180],
		[41, "LED2_6", 1670, -115, "T", "DIP", "$1N26868", "", "C", 60, 60, 36, 180],
		[42, "LED2_6", 1670, -115, "B", "DIP", "$1N26868", "", "C", 60, 60, 36, 180],
		[43, "LED2_7", 1770, -115, "T", "DIP", "$1N26872", "", "C", 60, 60, 36, 180],
		[44, "LED2_7", 1770, -115, "B", "DIP", "$1N26872", "", "C", 60, 60, 36, 180],
		[45, "LED2_8", 1870, -115, "T", "DIP", "VCC", "", "C", 60, 60, 36, 180],
		[46, "LED2_8", 1870, -115, "B", "DIP", "VCC", "", "C", 60, 60, 36, 180],
		[47, "LED2_9", 1970, -115, "T", "DIP", "$1N26885", "", "C", 60, 60, 36, 180],
		[48, "LED2_9", 1970, -115, "B", "DIP", "$1N26885", "", "C", 60, 60, 36, 180],
		[49, "LED2_10", 2070, -115, "T", "DIP", "$1N26891", "", "C", 60, 60, 36, 180],
		[50, "LED2_10", 2070, -115, "B", "DIP", "$1N26891", "", "C", 60, 60, 36, 180],
		[51, "R1_1", 553.23, -1360.08, "T", "SMD", "$1N27662", "", "R", 44.59, 54.21, 0, 90],
		[52, "R1_2", 553.23, -1281.34, "T", "SMD", "$1N2392", "", "R", 44.59, 54.21, 0, 90],
		[53, "R2_1", 553.23, -1197.4, "T", "SMD", "$1N26751", "", "R", 44.59, 54.21, 0, 90],
		[54, "R2_2", 553.23, -1118.66, "T", "SMD", "$1N2397", "", "R", 44.59, 54.21, 0, 90],
		[55, "R3_1", 553.23, -1034.73, "T", "SMD", "$1N26743", "", "R", 44.59, 54.21, 0, 90],
		[56, "R3_2", 553.23, -955.99, "T", "SMD", "$1N2399", "", "R", 44.59, 54.21, 0, 90],
		[57, "R4_1", 553.23, -872.06, "T", "SMD", "$1N26736", "", "R", 44.59, 54.21, 0, 90],
		[58, "R4_2", 553.23, -793.32, "T", "SMD", "$1N2394", "", "R", 44.59, 54.21, 0, 90],
		[59, "R5_1", 553.23, -709.39, "T", "SMD", "$1N26729", "", "R", 44.59, 54.21, 0, 90],
		[60, "R5_2", 553.23, -630.65, "T", "SMD", "$1N2398", "", "R", 44.59, 54.21, 0, 90],
		[61, "R6_1", 553.23, -546.72, "T", "SMD", "$1N27647", "", "R", 44.59, 54.21, 0, 90],
		[62, "R6_2", 553.23, -467.98, "T", "SMD", "$1N2395", "", "R", 44.59, 54.21, 0, 90],
		[63, "R7_1", 553.23, -384.04, "T", "SMD", "$1N26641", "", "R", 44.59, 54.21, 0, 90],
		[64, "R7_2", 553.23, -305.3, "T", "SMD", "$1N2396", "", "R", 44.59, 54.21, 0, 90],
		[65, "R8_1", 553.23, -221.37, "T", "SMD", "$1N26647", "", "R", 44.59, 54.21, 0, 90],
		[66, "R8_2", 553.23, -142.63, "T", "SMD", "$1N2400", "", "R", 44.59, 54.21, 0, 90],
		[67, "R9_1", 2233.29, -1354.37, "T", "SMD", "$1N27703", "", "R", 44.59, 54.21, 0, 90],
		[68, "R9_2", 2233.29, -1275.63, "T", "SMD", "$1N2411", "", "R", 44.59, 54.21, 0, 90],
		[69, "R10_1", 2233.29, -1189.37, "T", "SMD", "$1N26891", "", "R", 44.59, 54.21, 0, 90],
		[70, "R10_2", 2233.29, -1110.63, "T", "SMD", "$1N2415", "", "R", 44.59, 54.21, 0, 90],
		[71, "R11_1", 2233.29, -1026.27, "T", "SMD", "$1N26885", "", "R", 44.59, 54.21, 0, 90],
		[72, "R11_2", 2233.29, -947.53, "T", "SMD", "$1N2417", "", "R", 44.59, 54.21, 0, 90],
		[73, "R12_1", 2233.29, -863.6, "T", "SMD", "$1N26881", "", "R", 44.59, 54.21, 0, 90],
		[74, "R12_2", 2233.29, -784.86, "T", "SMD", "$1N2412", "", "R", 44.59, 54.21, 0, 90],
		[75, "R13_1", 2233.29, -700.93, "T", "SMD", "$1N26877", "", "R", 44.59, 54.21, 0, 90],
		[76, "R13_2", 2233.29, -622.19, "T", "SMD", "$1N2416", "", "R", 44.59, 54.21, 0, 90],
		[77, "R14_1", 2233.29, -538.26, "T", "SMD", "$1N27688", "", "R", 44.59, 54.21, 0, 90],
		[78, "R14_2", 2233.29, -459.52, "T", "SMD", "$1N2413", "", "R", 44.59, 54.21, 0, 90],
		[79, "R15_1", 2233.29, -375.58, "T", "SMD", "$1N26868", "", "R", 44.59, 54.21, 0, 90],
		[80, "R15_2", 2233.29, -296.84, "T", "SMD", "$1N2414", "", "R", 44.59, 54.21, 0, 90],
		[81, "R16_1", 2235, -214.37, "T", "SMD", "$1N26872", "", "R", 44.59, 54.21, 0, 90],
		[82, "R16_2", 2235, -135.63, "T", "SMD", "$1N2418", "", "R", 44.59, 54.21, 0, 90],
		[83, "U1_1", 822.3, -400, "T", "SMD", "$1N2396", "", "O", 23.7, 77.6, 0, 270],
		[84, "U1_2", 822.3, -450, "T", "SMD", "$1N2395", "", "O", 23.7, 77.6, 0, 270],
		[85, "U1_3", 822.3, -500, "T", "SMD", "$1N2398", "", "O", 23.7, 77.6, 0, 270],
		[86, "U1_4", 822.3, -550, "T", "SMD", "$1N2394", "", "O", 23.7, 77.6, 0, 270],
		[87, "U1_5", 822.3, -600, "T", "SMD", "$1N2399", "", "O", 23.7, 77.6, 0, 270],
		[88, "U1_6", 822.3, -650, "T", "SMD", "$1N2397", "", "O", 23.7, 77.6, 0, 270],
		[89, "U1_7", 822.3, -700, "T", "SMD", "$1N2392", "", "O", 23.7, 77.6, 0, 270],
		[90, "U1_8", 822.3, -750, "T", "SMD", "GND", "GND", "O", 23.7, 77.6, 0, 270],
		[91, "U1_9", 1037.7, -750, "T", "SMD", "$1N2428", "", "O", 23.7, 77.6, 0, 270],
		[92, "U1_10", 1037.7, -700, "T", "SMD", "$1N3774", "", "O", 23.7, 77.6, 0, 270],
		[93, "U1_11", 1037.7, -650, "T", "SMD", "$1N2430", "", "O", 23.7, 77.6, 0, 270],
		[94, "U1_12", 1037.7, -600, "T", "SMD", "$1N2434", "", "O", 23.7, 77.6, 0, 270],
		[95, "U1_13", 1037.7, -550, "T", "SMD", "$1N2437", "", "O", 23.7, 77.6, 0, 270],
		[96, "U1_14", 1037.7, -500, "T", "SMD", "$1N3740", "", "O", 23.7, 77.6, 0, 270],
		[97, "U1_15", 1037.7, -450, "T", "SMD", "$1N2400", "", "O", 23.7, 77.6, 0, 270],
		[98, "U1_16", 1037.7, -400, "T", "SMD", "VCC", "", "O", 23.7, 77.6, 0, 270],
		[99, "U2_1", 1697.3, -395, "T", "SMD", "$1N2414", "", "O", 23.7, 77.6, 0, 270],
		[100, "U2_2", 1697.3, -445, "T", "SMD", "$1N2413", "", "O", 23.7, 77.6, 0, 270],
		[101, "U2_3", 1697.3, -495, "T", "SMD", "$1N2416", "", "O", 23.7, 77.6, 0, 270],
		[102, "U2_4", 1697.3, -545, "T", "SMD", "$1N2412", "", "O", 23.7, 77.6, 0, 270],
		[103, "U2_5", 1697.3, -595, "T", "SMD", "$1N2417", "", "O", 23.7, 77.6, 0, 270],
		[104, "U2_6", 1697.3, -645, "T", "SMD", "$1N2415", "", "O", 23.7, 77.6, 0, 270],
		[105, "U2_7", 1697.3, -695, "T", "SMD", "$1N2411", "", "O", 23.7, 77.6, 0, 270],
		[106, "U2_8", 1697.3, -745, "T", "SMD", "GND", "GND", "O", 23.7, 77.6, 0, 270],
		[107, "U2_9", 1912.7, -745, "T", "SMD", "U2_9", "", "O", 23.7, 77.6, 0, 270],
		[108, "U2_10", 1912.7, -695, "T", "SMD", "$1N3774", "", "O", 23.7, 77.6, 0, 270],
		[109, "U2_11", 1912.7, -645, "T", "SMD", "$1N2430", "", "O", 23.7, 77.6, 0, 270],
		[110, "U2_12", 1912.7, -595, "T", "SMD", "$1N2434", "", "O", 23.7, 77.6, 0, 270],
		[111, "U2_13", 1912.7, -545, "T", "SMD", "$1N2437", "", "O", 23.7, 77.6, 0, 270],
		[112, "U2_14", 1912.7, -495, "T", "SMD", "$1N2428", "", "O", 23.7, 77.6, 0, 270],
		[113, "U2_15", 1912.7, -445, "T", "SMD", "$1N2418", "", "O", 23.7, 77.6, 0, 270],
		[114, "U2_16", 1912.7, -395, "T", "SMD", "VCC", "", "O", 23.7, 77.6, 0, 270],
		[115, "UEXT1_1", 1185, -1795, "T", "DIP", "VCC", "", "C", 60, 60, 36, 0],
		[116, "UEXT1_1", 1185, -1795, "B", "DIP", "VCC", "", "C", 60, 60, 36, 0],
		[117, "UEXT1_2", 1185, -1695, "T", "DIP", "GND", "GND", "C", 60, 60, 36, 0],
		[118, "UEXT1_2", 1185, -1695, "B", "DIP", "GND", "GND", "C", 60, 60, 36, 0],
		[119, "UEXT1_3", 1285, -1795, "T", "DIP", "UEXT1_3", "", "C", 60, 60, 36, 0],
		[120, "UEXT1_3", 1285, -1795, "B", "DIP", "UEXT1_3", "", "C", 60, 60, 36, 0],
		[121, "UEXT1_4", 1285, -1695, "T", "DIP", "UEXT1_4", "", "C", 60, 60, 36, 0],
		[122, "UEXT1_4", 1285, -1695, "B", "DIP", "UEXT1_4", "", "C", 60, 60, 36, 0],
		[123, "UEXT1_5", 1385, -1795, "T", "DIP", "$1N3917", "", "C", 60, 60, 36, 0],
		[124, "UEXT1_5", 1385, -1795, "B", "DIP", "$1N3917", "", "C", 60, 60, 36, 0],
		[125, "UEXT1_6", 1385, -1695, "T", "DIP", "$1N3924", "", "C", 60, 60, 36, 0],
		[126, "UEXT1_6", 1385, -1695, "B", "DIP", "$1N3924", "", "C", 60, 60, 36, 0],
		[127, "UEXT1_7", 1485, -1795, "T", "DIP", "UEXT1_7", "", "C", 60, 60, 36, 0],
		[128, "UEXT1_7", 1485, -1795, "B", "DIP", "UEXT1_7", "", "C", 60, 60, 36, 0],
		[129, "UEXT1_8", 1485, -1695, "T", "DIP", "UEXT1_8", "", "C", 60, 60, 36, 0],
		[130, "UEXT1_8", 1485, -1695, "B", "DIP", "UEXT1_8", "", "C", 60, 60, 36, 0],
		[131, "UEXT1_9", 1585, -1795, "T", "DIP", "UEXT1_9", "", "C", 60, 60, 36, 0],
		[132, "UEXT1_9", 1585, -1795, "B", "DIP", "UEXT1_9", "", "C", 60, 60, 36, 0],
		[133, "UEXT1_10", 1585, -1695, "T", "DIP", "UEXT1_10", "", "C", 60, 60, 36, 0],
		[134, "UEXT1_10", 1585, -1695, "B", "DIP", "UEXT1_10", "", "C", 60, 60, 36, 0],
		[135, "X3_1", 1560, -851.02, "T", "SMD", "VCC", "", "R", 25, 85.04, 0, 180],
		[136, "X3_2", 1510, -851.02, "T", "SMD", "GND", "GND", "R", 25, 85.04, 0, 180],
		[137, "X3_3", 1460, -851.02, "T", "SMD", "GND", "GND", "R", 25, 85.04, 0, 180],
		[138, "X3_4", 1410, -851.02, "T", "SMD", "$1N3740", "", "R", 25, 85.04, 0, 180],
		[139, "X3_5", 1360, -851.02, "T", "SMD", "$1N2430", "", "R", 25, 85.04, 0, 180],
		[140, "X3_6", 1310, -851.02, "T", "SMD", "$1N2434", "", "R", 25, 85.04, 0, 180],
		[141, "X3_7", 1260, -851.02, "T", "SMD", "$1N3774", "", "R", 25, 85.04, 0, 180],
		[142, "X3_8", 1210, -851.02, "T", "SMD", "GND", "GND", "R", 25, 85.04, 0, 180],
		[143, "X3_9", 1210, -1228.98, "T", "SMD", "$1N2437", "", "R", 25, 85.04, 0, 180],
		[144, "X3_10", 1260, -1228.98, "T", "SMD", "X3_10", "", "R", 25, 85.04, 0, 180],
		[145, "X3_11", 1310, -1228.98, "T", "SMD", "X3_11", "", "R", 25, 85.04, 0, 180],
		[146, "X3_12", 1360, -1228.98, "T", "SMD", "X3_12", "", "R", 25, 85.04, 0, 180],
		[147, "X3_13", 1410, -1228.98, "T", "SMD", "X3_13", "", "R", 25, 85.04, 0, 180],
		[148, "X3_14", 1460, -1228.98, "T", "SMD", "$1N3917", "", "R", 25, 85.04, 0, 180],
		[149, "X3_15", 1510, -1228.98, "T", "SMD", "$1N3924", "", "R", 25, 85.04, 0, 180],
		[150, "X3_16", 1560, -1228.98, "T", "SMD", "VCC", "", "R", 25, 85.04, 0, 180]
	]
}
}