{
"lengthUnit": "mil",
"components": {
	"fields": ["COMPONENT_NO", "COMPONENT_NAME", "LAYER", "X_COORDINATE", "Y_COORDINATE", "ANGLE"],
	"rows": [
		[1, "CN1", "T", 336.27, -2021.87, 0],
		[2, "CN2", "T", 956.51, -2021.87, 0],
		[3, "CN3", "T", 1576.75, -2021.87, 0],
		[4, "CN4", "T", 2196.98, -2021.87, 0],
		[5, "CN5", "T", 2817.22, -2021.87, 0],
		[6, "CN6", "T", 3437.45, -2021.87, 0],
		[7, "CN7", "T", 4057.69, -2021.87, 0],
		[8, "CN8", "T", 4677.93, -2021.87, 0],
		[9, "CN9", "T", 338.16, -1142.56, 0],
		[10, "CN10", "T", 958.4, -1142.56, 0],
		[11, "CN11", "T", 1578.63, -1142.56, 0],
		[12, "CN12", "T", 2198.87, -1142.56, 0],
		[13, "CN13", "T", 2819.11, -1142.56, 0],
		[14, "CN14", "T", 3439.34, -1142.56, 0],
		[15, "CN15", "T", 4059.58, -1142.56, 0],
		[16, "CN16", "T", 4679.81, -1142.56, 0],
		[17, "R1", "T", 430, -654, 0],
		[18, "UEXT1", "T", 1056, -319, 0],
		[19, "UEXT2", "T", 2059.12, -319, 0],
		[20, "UEXT3", "T", 3062.24, -319, 0],
		[21, "UEXT4", "T", 4065.36, -319, 0]
	]
},
"pins": {
	"fields": ["PIN_NO", "PIN_NAME", "PIN_X", "PIN_Y", "LAYER", "PIN_TYPE", "NET_NAME", "NET_TYPE", "PAD_SHAPE", "PAD_SIZEX", "PAD_SIZEY", "HOLE_SIZE", "PAD_ANGLE"],
	"rows": [
		[1, "CN1_1", 139.42, -2021.87, "T", "DIP", "VCC", "", "R", 82.68, 82.68, 51.18, 90],
		[2, "CN1_1", 139.42, -2021.87, "B", "DIP", "VCC", "", "R", 82.68, 82.68, 51.18, 90],
		[3, "CN1_2", 336.27, -2021.87, "T", "DIP", "$1N825", "", "C", 82.68, 82.68, 51.18, 90],
		[4, "CN1_2", 336.27, -2021.87, "B", "DIP", "$1N825", "", "C", 82.68, 82.68, 51.18, 90],
		[5, "CN1_3", 533.13, -2021.87, "T", "DIP", "GND", "GND", "C", 82.68, 82.68, 51.18, 90],
		[6, "CN1_3", 533.13, -2021.87, "B", "DIP", "GND", "GND", "C", 82.68, 82.68, 51.18, 90],
		[7, "CN2_1", 759.66, -2021.87, "T", "DIP", "VCC", "", "R", 82.68, 82.68, 51.18, 90],
		[8, "CN2_1", 759.66, -2021.87, "B", "DIP", "VCC", "", "R", 82.68, 82.68, 51.18, 90],
		[9, "CN2_2", 956.51, -2021.87, "T", "DIP", "$1N825", "", "C", 82.68, 82.68, 51.18, 90],
		[10, "CN2_2", 956.51, -2021.87, "B", "DIP", "$1N825", "", "C", 82.68, 82.68, 51.18, 90],
		[11, "CN2_3", 1153.36, -2021.87, "T", "DIP", "GND", "GND", "C", 82.68, 82.68, 51.18, 90],
		[12, "CN2_3", 1153.36, -2021.87, "B", "DIP", "GND", "GND", "C", 82.68, 82.68, 51.18, 90],
		[13, "CN3_1", 1379.9, -2021.87, "T", "DIP", "VCC", "", "R", 82.68, 82.68, 51.18, 90],
		[14, "CN3_1", 1379.9, -2021.87, "B", "DIP", "VCC", "", "R", 82.68, 82.68, 51.18, 90],
		[15, "CN3_2", 1576.75, -2021.87, "T", "DIP", "$1N825", "", "C", 82.68, 82.68, 51.18, 90],
		[16, "CN3_2", 1576.75, -2021.87, "B", "DIP", "$1N825", "", "C", 82.68, 82.68, 51.18, 90],
		[17, "CN3_3", 1773.6, -2021.87, "T", "DIP", "GND", "GND", "C", 82.68, 82.68, 51.18, 90],
		[18, "CN3_3", 1773.6, -2021.87, "B", "DIP", "GND", "GND", "C", 82.68, 82.68, 51.18, 90],
		[19, "CN4_1", 2000.13, -2021.87, "T", "DIP", "VCC", "", "R", 82.68, 82.68, 51.18, 90],
		[20, "CN4_1", 2000.13, -2021.87, "B", "DIP", "VCC", "", "R", 82.68, 82.68, 51.18, 90],
		[21, "CN4_2", 2196.98, -2021.87, "T", "DIP", "$1N825", "", "C", 82.68, 82.68, 51.18, 90],
		[22, "CN4_2", 2196.98, -2021.87, "B", "DIP", "$1N825", "", "C", 82.68, 82.68, 51.18, 90],
		[23, "CN4_3", 2393.83, -2021.87, "T", "DIP", "GND", "GND", "C", 82.68, 82.68, 51.18, 90],
		[24, "CN4_3", 2393.83, -2021.87, "B", "DIP", "GND", "GND", "C", 82.68, 82.68, 51.18, 90],
		[25, "CN5_1", 2620.37, -2021.87, "T", "DIP", "VCC", "", "R", 82.68, 82.68, 51.18, 90],
		[26, "CN5_1", 2620.37, -2021.87, "B", "DIP", "VCC", "", "R", 82.68, 82.68, 51.18, 90],
		[27, "CN5_2", 2817.22, -2021.87, "T", "DIP", "$1N825", "", "C", 82.68, 82.68, 51.18, 90],
		[28, "CN5_2", 2817.22, -2021.87, "B", "DIP", "$1N825", "", "C", 82.68, 82.68, 51.18, 90],
		[29, "CN5_3", 3014.07, -2021.87, "T", "DIP", "GND", "GND", "C", 82.68, 82.68, 51.18, 90],
		[30, "CN5_3", 3014.07, -2021.87, "B", "DIP", "GND", "GND", "C", 82.68, 82.68, 51.18, 90],
		[31, "CN6_1", 3240.61, -2021.87, "T", "DIP", "VCC", "", "R", 82.68, 82.68, 51.18, 90],
		[32, "CN6_1", 3240.61, -2021.87, "B", "DIP", "VCC", "", "R", 82.68, 82.68, 51.18, 90],
		[33, "CN6_2", 3437.45, -2021.87, "T", "DIP", "$1N825", "", "C", 82.68, 82.68, 51.18, 90],
		[34, "CN6_2", 3437.45, -2021.87, "B", "DIP", "$1N825", "", "C", 82.68, 82.68, 51.18, 90],
		[35, "CN6_3", 3634.3, -2021.87, "T", "DIP", "GND", "GND", "C", 82.68, 82.68, 51.18, 90],
		[36, "CN6_3", 3634.3, -2021.87, "B", "DIP", "GND", "GND", "C", 82.68, 82.68, 51.18, 90],
		[37, "CN7_1", 3860.84, -2021.87, "T", "DIP", "VCC", "", "R", 82.68, 82.68, 51.18, 90],
		[38, "CN7_1", 3860.84, -2021.87, "B", "DIP", "VCC", "", "R", 82.68, 82.68, 51.18, 90],
		[39, "CN7_2", 4057.69, -2021.87, "T", "DIP", "$1N825", "", "C", 82.68, 82.68, 51.18, 90],
		[40, "CN7_2", 4057.69, -2021.87, "B", "DIP", "$1N825", "", "C", 82.68, 82.68, 51.18, 90],
		[41, "CN7_3", 4254.54, -2021.87, "T", "DIP", "GND", "GND", "C", 82.68, 82.68, 51.18, 90],
		[42, "CN7_3", 4254.54, -2021.87, "B", "DIP", "GND", "GND", "C", 82.68, 82.68, 51.18, 90],
		[43, "CN8_1", 4481.08, -2021.87, "T", "DIP", "VCC", "", "R", 82.68, 82.68, 51.18, 90],
		[44, "CN8_1", 4481.08, -2021.87, "B", "DIP", "VCC", "", "R", 82.68, 82.68, 51.18, 90],
		[45, "CN8_2", 4677.93, -2021.87, "T", "DIP", "$1N825", "", "C", 82.68, 82.68, 51.18, 90],
		[46, "CN8_2", 4677.93, -2021.87, "B", "DIP", "$1N825", "", "C", 82.68, 82.68, 51.18, 90],
		[47, "CN8_3", 4874.78, -2021.87, "T", "DIP", "GND", "GND", "C", 82.68, 82.68, 51.18, 90],
		[48, "CN8_3", 4874.78, -2021.87, "B", "DIP", "GND", "GND", "C", 82.68, 82.68, 51.18, 90],
		[49, "CN9_1", 141.31, -1142.56, "T", "DIP", "VCC", "", "R", 82.68, 82.68, 51.18, 90],
		[50, "CN9_1", 141.31, -1142.56, "B", "DIP", "VCC", "", "R", 82.68, 82.68, 51.18, 90],
		[51, "CN9_2", 338.16, -1142.56, "T", "DIP", "$1N825", "", "C", 82.68, 82.68, 51.18, 90],
		[52, "CN9_2", 338.16, -1142.56, "B", "DIP", "$1N825", "", "C", 82.68, 82.68, 51.18, 90],
		[53, "CN9_3", 535.01, -1142.56, "T", "DIP", "GND", "GND", "C", 82.68, 82.68, 51.18, 90],
		[54, "CN9_3", 535.01, -1142.56, "B", "DIP", "GND", "GND", "C", 82.68, 82.68, 51.18, 90],
		[55, "CN10_1", 761.55, -1142.56, "T", "DIP", "VCC", "", "R", 82.68, 82.68, 51.18, 90],
		[56, "CN10_1", 761.55, -1142.56, "B", "DIP", "VCC", "", "R", 82.68, 82.68, 51.18, 90],
		[57, "CN10_2", 958.4, -1142.56, "T", "DIP", "$1N825", "", "C", 82.68, 82.68, 51.18, 90],
		[58, "CN10_2", 958.4, -1142.56, "B", "DIP", "$1N825", "", "C", 82.68, 82.68, 51.18, 90],
		[59, "CN10_3", 1155.25, -1142.56, "T", "DIP", "GND", "GND", "C", 82.68, 82.68, 51.18, 90],
		[60, "CN10_3", 1155.25, -1142.56, "B", "DIP", "GND", "GND", "C", 82.68, 82.68, 51.18, 90],
		[61, "CN11_1", 1381.78, -1142.56, "T", "DIP", "VCC", "", "R", 82.68, 82.68, 51.18, 90],
		[62, "CN11_1", 1381.78, -1142.56, "B", "DIP", "VCC", "", "R", 82.68, 82.68, 51.18, 90],
		[63, "CN11_2", 1578.63, -1142.56, "T", "DIP", "$1N825", "", "C", 82.68, 82.68, 51.18, 90],
		[64, "CN11_2", 1578.63, -1142.56, "B", "DIP", "$1N825", "", "C", 82.68, 82.68, 51.18, 90],
		[65, "CN11_3", 1775.48, -1142.56, "T", "DIP", "GND", "GND", "C", 82.68, 82.68, 51.18, 90],
		[66, "CN11_3", 1775.48, -1142.56, "B", "DIP", "GND", "GND", "C", 82.68, 82.68, 51.18, 90],
		[67, "CN12_1", 2002.02, -1142.56, "T", "DIP", "VCC", "", "R", 82.68, 82.68, 51.18, 90],
		[68, "CN12_1", 2002.02, -1142.56, "B", "DIP", "VCC", "", "R", 82.68, 82.68, 51.18, 90],
		[69, "CN12_2", 2198.87, -1142.56, "T", "DIP", "$1N825", "", "C", 82.68, 82.68, 51.18, 90],
		[70, "CN12_2", 2198.87, -1142.56, "B", "DIP", "$1N825", "", "C", 82.68, 82.68, 51.18, 90],
		[71, "CN12_3", 2395.72, -1142.56, "T", "DIP", "GND", "GND", "C", 82.68, 82.68, 51.18, 90],
		[72, "CN12_3", 2395.72, -1142.56, "B", "DIP", "GND", "GND", "C", 82.68, 82.68, 51.18, 90],
		[73, "CN13_1", 2622.26, -1142.56, "T", "DIP", "VCC", "", "R", 82.68, 82.68, 51.18, 90],
		[74, "CN13_1", 2622.26, -1142.56, "B", "DIP", "VCC", "", "R", 82.68, 82.68, 51.18, 90],
		[75, "CN13_2", 2819.11, -1142.56, "T", "DIP", "$1N825", "", "C", 82.68, 82.68, 51.18, 90],
		[76, "CN13_2", 2819.11, -1142.56, "B", "DIP", "$1N825", "", "C", 82.68, 82.68, 51.18, 90],
		[77, "CN13_3", 3015.96, -1142.56, "T", "DIP", "GND", "GND", "C", 82.68, 82.68, 51.18, 90],
		[78, "CN13_3", 3015.96, -1142.56, "B", "DIP", "GND", "GND", "C", 82.68, 82.68, 51.18, 90],
		[79, "CN14_1", 3242.49, -1142.56, "T", "DIP", "VCC", "", "R", 82.68, 82.68, 51.18, 90],
		[80, "CN14_1", 3242.49, -1142.56, "B", "DIP", "VCC", "", "R", 82.68, 82.68, 51.18, 90],
		[81, "CN14_2", 3439.34, -1142.56, "T", "DIP", "$1N825", "", "C", 82.68, 82.68, 51.18, 90],
		[82, "CN14_2", 3439.34, -1142.56, "B", "DIP", "$1N825", "", "C", 82.68, 82.68, 51.18, 90],
		[83, "CN14_3", 3636.19, -1142.56, "T", "DIP", "GND", "GND", "C", 82.68, 82.68, 51.18, 90],
		[84, "CN14_3", 3636.19, -1142.56, "B", "DIP", "GND", "GND", "C", 82.68, 82.68, 51.18, 90],
		[85, "CN15_1", 3862.73, -1142.56, "T", "DIP", "VCC", "", "R", 82.68, 82.68, 51.18, 90],
		[86, "CN15_1", 3862.73, -1142.56, "B", "DIP", "VCC", "", "R", 82.68, 82.68, 51.18, 90],
		[87, "CN15_2", 4059.58, -1142.56, "T", "DIP", "$1N825", "", "C", 82.68, 82.68, 51.18, 90],
		[88, "CN15_2", 4059.58, -1142.56, "B", "DIP", "$1N825", "", "C", 82.68, 82.68, 51.18, 90],
		[89, "CN15_3", 4256.43, -1142.56, "T", "DIP", "GND", "GND", "C", 82.68, 82.68, 51.18, 90],
		[90, "CN15_3", 4256.43, -1142.56, "B", "DIP", "GND", "GND", "C", 82.68, 82.68, 51.18, 90],
		[91, "CN16_1", 4482.97, -1142.56, "T", "DIP", "VCC", "", "R", 82.68, 82.68, 51.18, 90],
		[92, "CN16_1", 4482.97, -1142.56, "B", "DIP", "VCC", "", "R", 82.68, 82.68, 51.18, 90],
		[93, "CN16_2", 4679.81, -1142.56, "T", "DIP", "$1N825", "", "C", 82.68, 82.68, 51.18, 90],
		[94, "CN16_2", 4679.81, -1142.56, "B", "DIP", "$1N825", "", "C", 82.68, 82.68, 51.18, 90],
		[95, "CN16_3", 4876.66, -1142.56, "T", "DIP", "GND", "GND", "C", 82.68, 82.68, 51.18, 90],
		[96, "CN16_3", 4876.66, -1142.56, "B", "DIP", "GND", "GND", "C", 82.68, 82.68, 51.18, 90],
		[97, "R1_1", 174.1, -654, "T", "DIP", "$1N825", "", "C", 60, 60, 36, 0],
		[98, "R1_1", 174.1, -654, "B", "DIP", "$1N825", "", "C", 60, 60, 36, 0],
		[99, "R1_2", 685.9, -654, "T", "DIP", "$1N1566", "", "C", 60, 60, 36, 0],
		[100, "R1_2", 685.9, -654, "B", "DIP", "$1N1566", "", "C", 60, 60, 36, 0],
		[101, "UEXT1_1", 856, -369, "T", "DIP", "VCC", "", "C", 60, 60, 36, 0],
		[102, "UEXT1_1", 856, -369, "B", "DIP", "VCC", "", "C", 60, 60, 36, 0],
		[103, "UEXT1_2", 856, -269, "T", "DIP", "GND", "GND", "C", 60, 60, 36, 0],
		[104, "UEXT1_2", 856, -269, "B", "DIP", "GND", "GND", "C", 60, 60, 36, 0],
		[105, "UEXT1_3", 956, -369, "T", "DIP", "$1N1566", "", "C", 60, 60, 36, 0],
		[106, "UEXT1_3", 956, -369, "B", "DIP", "$1N1566", "", "C", 60, 60, 36, 0],
		[107, "UEXT1_4", 956, -269, "T", "DIP", "$1N1700", "", "C", 60, 60, 36, 0],
		[108, "UEXT1_4", 956, -269, "B", "DIP", "$1N1700", "", "C", 60, 60, 36, 0],
		[109, "UEXT1_5", 1056, -369, "T", "DIP", "$1N1421", "", "C", 60, 60, 36, 0],
		[110, "UEXT1_5", 1056, -369, "B", "DIP", "$1N1421", "", "C", 60, 60, 36, 0],
		[111, "UEXT1_6", 1056, -269, "T", "DIP", "$1N1691", "", "C", 60, 60, 36, 0],
		[112, "UEXT1_6", 1056, -269, "B", "DIP", "$1N1691", "", "C", 60, 60, 36, 0],
		[113, "UEXT1_7", 1156, -369, "T", "DIP", "$1N1399", "", "C", 60, 60, 36, 0],
		[114, "UEXT1_7", 1156, -369, "B", "DIP", "$1N1399", "", "C", 60, 60, 36, 0],
		[115, "UEXT1_8", 1156, -269, "T", "DIP", "$1N1774", "", "C", 60, 60, 36, 0],
		[116, "UEXT1_8", 1156, -269, "B", "DIP", "$1N1774", "", "C", 60, 60, 36, 0],
		[117, "UEXT1_9", 1256, -369, "T", "DIP", "$1N1392", "", "C", 60, 60, 36, 0],
		[118, "UEXT1_9", 1256, -369, "B", "DIP", "$1N1392", "", "C", 60, 60, 36, 0],
		[119, "UEXT1_10", 1256, -269, "T", "DIP", "$1N1663", "", "C", 60, 60, 36, 0],
		[120, "UEXT1_10", 1256, -269, "B", "DIP", "$1N1663", "", "C", 60, 60, 36, 0],
		[121, "UEXT2_1", 1859.12, -369, "T", "DIP", "VCC", "", "C", 60, 60, 36, 0],
		[122, "UEXT2_1", 1859.12, -369, "B", "DIP", "VCC", "", "C", 60, 60, 36, 0],
		[123, "UEXT2_2", 1859.12, -269, "T", "DIP", "GND", "GND", "C", 60, 60, 36, 0],
		[124, "UEXT2_2", 1859.12, -269, "B", "DIP", "GND", "GND", "C", 60, 60, 36, 0],
		[125, "UEXT2_3", 1959.12, -369, "T", "DIP", "$1N1566", "", "C", 60, 60, 36, 0],
		[126, "UEXT2_3", 1959.12, -369, "B", "DIP", "$1N1566", "", "C", 60, 60, 36, 0],
		[127, "UEXT2_4", 1959.12, -269, "T", "DIP", "$1N1700", "", "C", 60, 60, 36, 0],
		[128, "UEXT2_4", 1959.12, -269, "B", "DIP", "$1N1700", "", "C", 60, 60, 36, 0],
		[129, "UEXT2_5", 2059.12, -369, "T", "DIP", "$1N1421", "", "C", 60, 60, 36, 0],
		[130, "UEXT2_5", 2059.12, -369, "B", "DIP", "$1N1421", "", "C", 60, 60, 36, 0],
		[131, "UEXT2_6", 2059.12, -269, "T", "DIP", "$1N1691", "", "C", 60, 60, 36, 0],
		[132, "UEXT2_6", 2059.12, -269, "B", "DIP", "$1N1691", "", "C", 60, 60, 36, 0],
		[133, "UEXT2_7", 2159.12, -369, "T", "DIP", "$1N1399", "", "C", 60, 60, 36, 0],
		[134, "UEXT2_7", 2159.12, -369, "B", "DIP", "$1N1399", "", "C", 60, 60, 36, 0],
		[135, "UEXT2_8", 2159.12, -269, "T", "DIP", "$1N1774", "", "C", 60, 60, 36, 0],
		[136, "UEXT2_8", 2159.12, -269, "B", "DIP", "$1N1774", "", "C", 60, 60, 36, 0],
		[137, "UEXT2_9", 2259.12, -369, "T", "DIP", "$1N1392", "", "C", 60, 60, 36, 0],
		[138, "UEXT2_9", 2259.12, -369, "B", "DIP", "$1N1392", "", "C", 60, 60, 36, 0],
		[139, "UEXT2_10", 2259.12, -269, "T", "DIP", "$1N1663", "", "C", 60, 60, 36, 0],
		[140, "UEXT2_10", 2259.12, -269, "B", "DIP", "$1N1663", "", "C", 60, 60, 36, 0],
		[141, "UEXT3_1", 2862.24, -369, "T", "DIP", "VCC", "", "C", 60, 60, 36, 0],
		[142, "UEXT3_1", 2862.24, -369, "B", "DIP", "VCC", "", "C", 60, 60, 36, 0],
		[143, "UEXT3_2", 2862.24, -269, "T", "DIP", "GND", "GND", "C", 60, 60, 36, 0],
		[144, "UEXT3_2", 2862.24, -269, "B", "DIP", "GND", "GND", "C", 60, 60, 36, 0],
		[145, "UEXT3_3", 2962.24, -369, "T", "DIP", "$1N1566", "", "C", 60, 60, 36, 0],
		[146, "UEXT3_3", 2962.24, -369, "B", "DIP", "$1N1566", "", "C", 60, 60, 36, 0],
		[147, "UEXT3_4", 2962.24, -269, "T", "DIP", "$1N1700", "", "C", 60, 60, 36, 0],
		[148, "UEXT3_4", 2962.24, -269, "B", "DIP", "$1N1700", "", "C", 60, 60, 36, 0],
		[149, "UEXT3_5", 3062.24, -369, "T", "DIP", "$1N1421", "", "C", 60, 60, 36, 0],
		[150, "UEXT3_5", 3062.24, -369, "B", "DIP", "$1N1421", "", "C", 60, 60, 36, 0],
		[151, "UEXT3_6", 3062.24, -269, "T", "DIP", "$1N1691", "", "C", 60, 60, 36, 0],
		[152, "UEXT3_6", 3062.24, -269, "B", "DIP", "$1N1691", "", "C", 60, 60, 36, 0],
		[153, "UEXT3_7", 3162.24, -369, "T", "DIP", "$1N1399", "", "C", 60, 60, 36, 0],
		[154, "UEXT3_7", 3162.24, -369, "B", "DIP", "$1N1399", "", "C", 60, 60, 36, 0],
		[155, "UEXT3_8", 3162.24, -269, "T", "DIP", "$1N1774", "", "C", 60, 60, 36, 0],
		[156, "UEXT3_8", 3162.24, -269, "B", "DIP", "$1N1774", "", "C", 60, 60, 36, 0],
		[157, "UEXT3_9", 3262.24, -369, "T", "DIP", "$1N1392", "", "C", 60, 60, 36, 0],
		[158, "UEXT3_9", 3262.24, -369, "B", "DIP", "$1N1392", "", "C", 60, 60, 36, 0],
		[159, "UEXT3_10", 3262.24, -269, "T", "DIP", "$1N1663", "", "C", 60, 60, 36, 0],
		[160, "UEXT3_10", 3262.24, -269, "B", "DIP", "$1N1663", "", "C", 60, 60, 36, 0],
		[161, "UEXT4_1", 3865.36, -369, "T", "DIP", "VCC", "", "C", 60, 60, 36, 0],
		[162, "UEXT4_1", 3865.36, -369, "B", "DIP", "VCC", "", "C", 60, 60, 36, 0],
		[163, "UEXT4_2", 3865.36, -269, "T", "DIP", "GND", "GND", "C", 60, 60, 36, 0],
		[164, "UEXT4_2", 3865.36, -269, "B", "DIP", "GND", "GND", "C", 60, 60, 36, 0],
		[165, "UEXT4_3", 3965.36, -369, "T", "DIP", "$1N1566", "", "C", 60, 60, 36, 0],
		[166, "UEXT4_3", 3965.36, -369, "B", "DIP", "$1N1566", "", "C", 60, 60, 36, 0],
		[167, "UEXT4_4", 3965.36, -269, "T", "DIP", "$1N1700", "", "C", 60, 60, 36, 0],
		[168, "UEXT4_4", 3965.36, -269, "B", "DIP", "$1N1700", "", "C", 60, 60, 36, 0],
		[169, "UEXT4_5", 4065.36, -369, "T", "DIP", "$1N1421", "", "C", 60, 60, 36, 0],
		[170, "UEXT4_5", 4065.36, -369, "B", "DIP", "$1N1421", "", "C", 60, 60, 36, 0],
		[171, "UEXT4_6", 4065.36, -269, "T", "DIP", "$1N1691", "", "C", 60, 60, 36, 0],
		[172, "UEXT4_6", 4065.36, -269, "B", "DIP", "$1N1691", "", "C", 60, 60, 36, 0],
		[173, "UEXT4_7", 4165.36, -369, "T", "DIP", "$1N1399", "", "C", 60, 60, 36, 0],
		[174, "UEXT4_7", 4165.36, -369, "B", "DIP", "$1N1399", "", "C", 60, 60, 36, 0],
		[175, "UEXT4_8", 4165.36, -269, "T", "DIP", "$1N1774", "", "C", 60, 60, 36, 0],
		[176, "UEXT4_8", 4165.36, -269, "B", "DIP", "$1N1774", "", "C", 60, 60, 36, 0],
		[177, "UEXT4_9", 4265.36, -369, "T", "DIP", "$1N1392", "", "C", 60, 60, 36, 0],
		[178, "UEXT4_9", 4265.36, -369, "B", "DIP", "$1N1392", "", "C", 60, 60, 36, 0],
		[179, "UEXT4_10", 4265.36, -269, "T", "DIP", "$1N1663", "", "C", 60, 60, 36, 0],
		[180, "UEXT4_10", 4265.36, -269, "B", "DIP", "$1N1663", "", "C", 60, 60, 36, 0]
	]
}
}